{"loss_per_epoch": 0.6965001370455768, "_timestamp": 1707692632.1446095, "_runtime": 165.4215304851532, "_step": 9, "_wandb": {"runtime": 261}}