{"loss_per_epoch": 0.6907595363823144, "accuracy_per_epoch": {"accuracy": 0.5259515570934256}, "_timestamp": 1707694122.8552237, "_runtime": 541.9813516139984, "_step": 99, "_wandb": {"runtime": 994}}