{"accuracy": 0.8818570223579603, "loss": 0.1250571506458179, "_timestamp": 1707519841.0938077, "_runtime": 76.58291959762573, "_step": 11, "eval/loss": 0.9756592512130737, "eval/accuracy": 0.611, "eval/runtime": 3.5909, "eval/samples_per_second": 278.485, "eval/steps_per_second": 11.696, "train/epoch": 3.0, "train/global_step": 126, "train/train_runtime": 41.7218, "train/train_samples_per_second": 71.905, "train/train_steps_per_second": 3.02, "train/total_flos": 789354427392000.0, "train/train_loss": 1.2113620818607391}