{"train/loss": 4.6118, "train/learning_rate": 0.001, "train/epoch": 1.0, "train/global_step": 554, "_timestamp": 1707448039.0364816, "_runtime": 1756.4225397109985, "_step": 1, "eval/loss": 3.494302749633789, "eval/precision": 0.45098039215686275, "eval/recall": 0.565284178187404, "eval/f1-score": 0.501704158145876, "eval/accuracy": 0.5200262639527249, "eval/runtime": 344.8132, "eval/samples_per_second": 4.417, "eval/steps_per_second": 0.403}