{"loss_per_epoch": 0.0439419821911567, "_timestamp": 1707686533.5050046, "_runtime": 973.2873446941376, "_step": 9, "_wandb": {"runtime": 56}}