{"accuracy": 0.8009444931846103, "loss": 0.12640944716423747, "_timestamp": 1707442648.4930024, "_runtime": 2.249969482421875, "_step": 7}