{"loss_per_epoch": NaN, "accuracy_per_epoch": {"accuracy": 0.4672897196261682}, "test_accuracy": 0.5372168284789643, "test_recall": 0.0, "test_precision": 0.0, "_timestamp": 1707773029.0448585, "_runtime": 8443.514104366302, "_step": 36}