{"loss_per_epoch": 0.7002224293915001, "accuracy_per_epoch": {"accuracy": 0.4844290657439446}, "_timestamp": 1707693324.7422557, "_runtime": 591.73996758461, "_step": 99, "_wandb": {"runtime": 564}}