{"loss_per_epoch": 0.0009432280565158942, "accuracy_per_epoch": {"accuracy": 1.0}, "_timestamp": 1707695223.7753417, "_runtime": 642.7701208591461, "_step": 99, "_wandb": {"runtime": 557}}